full_name,country,from
Becka Idell,Russia,13/01/2019
Edin Canet,France,27/11/2019
Germana Lenoir,Peru,11/03/2018
Katerina Windebank,United States,03/03/2019
Linea Wernher,Philippines,20/02/2018
Sherrie Billes,Azerbaijan,09/07/2019
Lombard Cauderlie,China,22/03/2018
Shane Lambdean,China,27/12/2019
Morly Payze,Guatemala,17/04/2019
Eimile Brass,France,23/12/2018
Arnaldo Rollings,Russia,28/10/2019
Carol-jean Crates,China,25/01/2019
Jillian Kobsch,Indonesia,27/02/2018
Olga Skeleton,East Timor,05/04/2019
Dottie Gritten,Slovakia,14/07/2019
Dayle Alpine,New Zealand,04/05/2018
Deirdre Clift,China,31/08/2018
Dodi Graeber,Philippines,05/10/2018
Nessie Kingswood,Indonesia,28/12/2018
Barnebas Skull,Sweden,16/07/2018
Mark Grigolashvill,Vietnam,04/12/2018
Gabriele Kimbley,France,31/10/2018
Chryste Havercroft,Russia,02/06/2018
Evan Fidock,South Africa,23/06/2018
Jamill Lindhe,Portugal,25/01/2019
Kakalina Pereira,United States,15/09/2018
Lizzie Tiesman,Russia,27/09/2018
Lynne St. Clair,China,24/08/2018
Avie Duxfield,China,29/09/2018
Mikey Dominguez,Russia,25/05/2019
Hillie Stansall,Venezuela,17/03/2019
Lianna Vedenyapin,Poland,01/03/2018
Chaddie Gubbins,Nigeria,05/06/2018
Winny Riep,Indonesia,26/12/2019
Beauregard Boliver,Thailand,12/09/2018
Rod Nutbean,China,04/08/2019
Philbert Waiting,Brazil,10/03/2019
Maurise Helstrom,Czech Republic,28/01/2018
Juieta Jessep,Poland,29/06/2018
Quent Rutherfoord,China,08/10/2019
Krissy O'Hagerty,Croatia,20/02/2019
Jake Swapp,China,08/09/2019
Marchelle McLoney,Ukraine,22/08/2018
Lianna Sainteau,Portugal,13/03/2019
Ofella Sewter,China,23/08/2018
Jocelin Pedri,Argentina,04/03/2018
Ronald Manser,China,20/06/2018
Thorvald Hutt,Czech Republic,05/02/2018
Guillema Kyte,China,20/03/2019
Thorvald Coweuppe,Indonesia,04/01/2019
Reinold Cadreman,Cuba,18/01/2018
Pebrook Carnson,China,17/11/2019
Ferdinanda Leupold,Brazil,04/07/2018
Ky Dyshart,France,14/05/2018
Ermanno Sanday,Poland,16/10/2018
Vivien Douglass,Poland,07/11/2019
Auguste Hold,Philippines,14/03/2019
Ward Richens,United States,18/02/2019
Carma Bendson,Philippines,15/01/2019
Bryant Fishpond,China,18/10/2018
Monika Mattea,Philippines,05/08/2018
Klemens Josef,Indonesia,04/03/2018
Brittani Freegard,Tanzania,29/12/2019
Lori Allitt,Madagascar,17/11/2018
Heida Skivington,France,10/04/2019
Elvera Buddington,Russia,23/12/2019
Riva Dunphy,Russia,12/10/2018
West Pattesall,China,20/07/2018
Klara Maber,Honduras,18/10/2018
Elisha Ceaser,Russia,11/11/2019
Thomas Tomankowski,China,26/04/2018
Mikkel Beesey,Liechtenstein,07/01/2019
Jasmine Twiddy,Russia,18/06/2018
Tamqrah Dudding,Serbia,14/04/2018
Wilow Furnell,Mexico,10/03/2018
Viki Tease,Brazil,08/04/2019
Mayer MacGowing,Sweden,17/08/2019
Elbertina Allport,Colombia,13/05/2019
Everett Moorrud,China,09/07/2018
Aliza Vennard,China,28/12/2019
Carmelita Lowdiane,Tanzania,02/06/2018
Daniel Poff,Philippines,28/09/2019
Geordie Palffrey,Morocco,28/02/2019
Spence Bartul,Morocco,03/03/2019
Zilvia Meneur,China,03/11/2019
Andros Penticoot,China,01/11/2018
Rubi Wellstood,China,25/10/2019
Beverie Cottie,Nigeria,09/09/2018
Wakefield Oppery,Latvia,04/09/2018
Neilla Imlacke,China,01/03/2019
Brynn Quinsee,Czech Republic,05/10/2019
Brig Packham,Chile,09/09/2018
Willdon Munkley,Kazakhstan,31/08/2019
Vallie Blamey,Indonesia,03/02/2018
Ulric Passler,China,21/10/2019
Lindy Redford,Ethiopia,03/09/2019
Cordie Burchett,Indonesia,29/05/2019
Michell Flatley,Nigeria,29/11/2019
Kyle Padrick,Portugal,21/02/2018
Gerome Solman,Pakistan,18/01/2019
